Cayuga,Surface Segmentation,Underlying Form,Labeled Segmentation,Gloss,notes
a:dyagododa:hdęˀ,a:-d-yago-doda-:-hd-ę-ˀ,a:-d-yago-adodar-a-hd-ę-ˀ,opt-cis-3fo-trip-caus-dat-punc,they should be tripped,
a:gadahseht,a:-g-adahseht-.,a:-g-adahsehd-.,opt-1sa-hide-punc,I should hide,
a:gagwe:niˀ,a:-ga-gwe:ni-ˀ,a:-ga-gweni-ˀ,opt-3nsa-be.possible-punc,it should be possible,
a:hęnihna:do:k,a:-h-ęnihna:do:g-.,a:-ha-ęnihnadog-.,opt-3msa-perceive-punc,he should perceive,
a:knǫ̲hweˀ,a:-k-nǫ̲hwe-ˀ,a:-k-nǫhwe-ˀ,opt-1sa-like-punc,I should like,
a:wa:dǫˀ,a:-w-a:dǫˀ-.,a:-w-adǫˀ-.,opt-3nsa-become-punc,it should become,
a:yodǫˀǫhę:k,a:-yo-dǫˀ-ǫh-ę:k,a:-yo-adǫˀ-ǫh-ę:k,opt-3nsp-become-stat-cont,it should become,
a:yoihwadadyeˀ,a:-yo-ihw-a-d-a-dye-ˀ,a:-yo-rihw-a-d-a-dye-ˀ,opt-3nso-matter-j-stand-j-prog-stat,the matter will be standing,
a:yǫnǫhdǫnyǫhak,a:-yǫ-nǫhdǫ-nyǫ-h-ak,a:-ye-ęnǫhdǫ-nyǫ-h-ak,opt-3fsa-know-dist-stat-cont,they should thnk,
a:yǫtga̲htoˀ,a:-yǫ-tga̲ht-oˀ,a:-ye-atgahtw-ˀ,opt-3fa-see-punc,they should see,
aedwęnǫhdǫnyǫha:k,ae-dw-ęnǫhdǫ-nyǫ-h-a:k,a:-dwa-ęnǫhdǫ-nyǫ-h-ak,opt-1pia-know-dist-stat-cont,we should think,
aedyǫ̲hwa:dęˀ,ae-dy-ǫ̲hwa:d-ęˀ,a:-dwa-ǫhwad-ęˀ,opt-1pia-indicate-punc,we should point it out,
aeswaęnaędaˀk,ae-swa-ęn-a-ęd-aˀk,a:-swa-ręn-a-yęd-aˀk,opt-2p-song-j-have-stat.cont,you all should have songs,
aeswaęnaędaˀk,ae-swa-ęn-a-ęd-a-ˀk-.,a:-swa-ręn-a-yęd-a-ˀk,opt-2p-song-j-have-j-caus-punc,you all should get songs,
a̲hęnǫhdǫ:nyǫ:goˀ,a̲-h-ęnǫhdǫ:-nyǫ:-go-ˀ,aˀ-ha-ęnǫhdǫ-nyǫ-gw-ˀ,fact-3msa-know-dist-rev-punc,he thought,
aˀdwadahsǫdǫ:k,aˀ-d-w-ad-ahsǫd-ǫ-:k-.,aˀ-de-w-ad-ahsǫd-a-rik-.,fact-dual-3nso-sr-shade-j-envelop-punc,it became enveloped in shade,
a̲ˀdyetinǫhǫnyǫ:ˀ,a̲ˀ-d-yeti-nǫhǫnyǫ-:ˀ,aˀ-de-yeti-nǫhǫnyǫ-:ˀ,fact-dual-1ns>3p-thank-punc,we thank them,
a̲ˀeˀnigǫhage:nheˀ,a̲ˀ-e-ˀnigǫh-a-ge:nhe-ˀ,aˀ-ye-ˀnigǫhr-a-genhe-ˀ,fact-3fsa-mind-j-quarrel-punc,they are of two minds,
a̲ˀga:gwe:niˀ,a̲ˀ-ga:-gwe:ni-ˀ,aˀ-ga-gweni-ˀ,fact-3nsa-be.possible-punc,it was possible,
a̲ˀga:yę:daˀ,a̲ˀ-ga:-yę:d-aˀ,aˀ-ga-yęd-a-ˀ-0,fact-3nsa-lie-punc,it was gotten,
a̲ˀgęnadrohe:k,a̲ˀ-gęn-ad-rohe:k-.,aˀ-gęn-adrohek-.,fact-3npa-sr-gather.together-punc,they gathered together,
a̲ˀhadadrihwagwe:nyaˀs,a̲ˀ-h-adad-rihw-a-gwe:ny-a-ˀs-.,aˀ-ha-adad-rihw-a-gweni-a-ˀs-0,fact-3msa-refl-matter-j-be.possible-j-caus-punc,he was able to complete the matter,
a̲ˀhadewayę:nǫ:niˀ,a̲ˀ-h-ade-wayę:n-ǫ:ni-ˀ,aˀ-ha-ade-wayęn-ǫni-ˀ,fact-3msa-sr-custom-make-punc,he did it carefully,
a̲ˀhai̲hwa:yi:hs,a̲ˀ-ha-i̲hw-a:-yi:-hs-.,aˀ-ha-rihw-a-yeri-hsd-0,fact-3msa-matter-j-be.right-caus-punc,he fulfilled,
a̲ˀhaǫ̲hyagęˀtak,a̲ˀ-ha-ǫ̲hy-a-gęˀt-ak,aˀ-ha-rǫhy-a-gęˀd-ha-k,fact-3msa-sky-j-be.visible-hab.cont,he worked hard,
a̲ˀhayagęh,a̲ˀ-ha-yagę-h-.,aˀ-ha-yagę-h-0,fact-3msa-come.out-caus-punc,he took out,
a̲ˀtadawę:nyeˀ,a̲ˀ-t-a-d-awę:nye-ˀ,aˀ-de-ha-ad-awęnye-ˀ,fact-dual-3msa-sr-roam-punc,he.roamed.about,
a̲ˀtaihwayętwaht,a̲ˀ-t-a-ihw-a-yętw-a-ht-.,aˀ-de-ha-rihw-a-yętw-a-hd-0,fact-dual-3msa-matter-j-plant-j-caus-punc,he planted the message,
a̲ˀtshedwanǫhǫnyǫ:ˀ,a̲ˀ-t-shedwa-nǫhǫnyǫ-:ˀ,aˀ-de-shedwa-nǫhǫnyǫ-:ˀ,fact-dual-1pi>3ms-thank-punc,we thank him,
daetihweˀnǫ:niˀ,d-a-eti-hweˀn-ǫ:ni-ˀ,d-aˀ-yeti-hweˀn-ǫni-ˀ,dual-fact-roll-make-punc,we roll them together,
daǫgyanęhę:wiˀ,d-a-ǫg-yan-ęhę:wi-ˀ,d-aˀ-ǫg-yan-ęhawi-ˀ,dual-fact-3fs>1s-footstep-carry-punc,they should follow me,
dęswa:dęˀ,d-ę-swa-:d-ę-ˀ,de-ę-swa-rad-ę-ˀ,dual-fut-2p-perch-punc,you will all be perched,
dęswa:dęˀ,d-ę-swa-:d-ęˀ,de-ę-swa-rad-ęˀ,dual-fut-2p-perch-punc,you  all will perch,
detowęnitgęˀǫh,de-t-o-węn-itgęˀ-ǫh,de-d-ho-węn-itgęˀ-ǫh,dual-cis-3mso-voice-emerge-stat,he spoke out again,
dęyago̲hsnyeˀǫhǫ:dyeˀ,d-ę-yago̲-hsnye-ˀǫh-ǫ:-dye-ˀ,de-ę-yago-hnyeˀ-ǫh-a-dye-ˀ,dual-fut-3fso-care.for-stat-j-prog-stat,she will be looking after them,
dęyǫkihsnyeˀk,d-ę-yǫki-hsnye-ˀ-k,de-ę-yǫki-hsnyeˀ-k,dual-fut-3p>1p-care.for-stat-cont,they will care for us,maybe snye
dęyowa:węnyeha:k,d-ę-yo-wa-:węnye-h-a:k,de-ę-yo-war-awęnye-h-ak,dual-fut-3nso-wind-roam-stat-cont,there will be wind,
dǫdahadwę:nęht,d-ǫ-d-a-h-ad-wę:n-ę-ht-.,de-aˀ-d-ha-ad-węn-ę-hd-0,dual-fact-cis-fact-3msa-sr-voice-fall-caus-punc,he caused the word to fall there again,
dwa:dǫh,dwa-:dǫ-h,dwa-adǫ-h,1pia-say-stat,we say,
dwada:dǫ:nih,d-w-ada:d-ǫ:ni-h,d-wa-adad-ǫni-h,cis-3nsa-refl-make-stat,it makes itself,
dwa̲hawanyǫˀ,dwa̲-haw-a-nyǫ-ˀ,dwa-haw-a-nyǫ-ˀ,1pia-hold-j-dist-stat,we hold things,
dwę̲hnihsrade:nyǫk,d-w-ę̲hnihsr-a-de:-nyǫ-k,d-w-ęhnihsr-a-de-nyǫ-k,cis-3nso-day-j-exist-dist-cont,in those days,
dwęnǫhdǫnyǫh,dw-ęnǫhdǫ-nyǫ-h,dwa-ęnǫhdǫ-nyǫ-h,1pia-know-dist-stat,we think,
ędwadadǫni̲hak,ę-d-w-adad-ǫni̲-h-ak,ę-d-wa-adad-ǫni-h-ak,fut-cis-3nsa-refl-make-stat-cont,it will make itself,
ędwadewayę:nǫ:niˀ,ę-dw-ade-wayę:n-ǫ:ni-ˀ,ę-dwa-ade-wayęn-ǫni-ˀ,fut-1pia-sr-custom-make-punc,we will do carefully,
ędwatga̲htoˀ,ę-dw-atga̲ht-oˀ,ę-dwa-atgahtw-ˀ,fut-1pia-look.at-punc,we will see,
ędwe:hek,ę-dw-e:h-ek,ę-dwa-e:h-ek,fut-1pia-think-stat.cont,we will think,
ędyona̲hdogę̲hędyeˀ,ę-d-yon-a̲hdog-ę̲h-ę-dye-ˀ,ę-d-yon-ahdog-ęh-a-dye-ˀ,fut-cis-3npo-grow-stat-j-prog-stat,they will be growing there,
ęga:yę:daˀk,ę-ga:-yę:d-aˀk,ę-ga-yęd-a-ˀk,fut-2nsa-lie-stat.cont,it will be here,
ęgaihwayędahgǫ̲hak,ę-ga-ihw-a-yęd-a-hg-ǫ̲h-ak,ę-ga-rihw-a-yęd-a-hgw-ǫh-ak,fut-3nsa-matter-j-lie-j-inst-stat-cont,it will be a responsibility,
ęji:swa:yǫˀ,ę-ji:-swa:-yǫ-ˀ,ę-ji-swa-yǫ-ˀ,fut-rep-2p-arrive-punc,you all will arrive again,
ęjiswadrohe:k,ę-ji-sw-ad-rohe:k-.,ę-ji-swa-ad-rohek-.,fut-rep-2p-sr-gather-punc,you all will gather again,
ęjiswadrohe:k,ę-ji-sw-ad-rohe:k-.,ę-ji-swa-ad-rohek-.,fut-rep-2p-sr-gather.together-punc,you all will gather together again,
enagrenyǫˀ,e-nagre-nyǫ-ˀ,e-nagre-nyǫ-ˀ,3fsa-reside-dist-stat,people live here and there,
ęswaęnaędaˀk,ę-swa-ęn-a-ęd-a-ˀk-.,ę-swa-ręn-a-yęd-a-ˀk-.,fut-2p-song-j-have-j-caus-punc,you all will get songs,
ęwagadęihǫ:dak,ę-wag-adę-ih-ǫ:d-ak,ę-wag-adę-rihw-ǫd-ak,fut-1so-sr-matter-be.attached-stat-cont,I will be assisted,
ęwe:hek,ę-w-e:h-ek,ę-w-e:h-ek,fut-3nsa-think-stat.cont,it will be thought,
eyaˀda̲̲ˀkda:dyeˀ,e-yaˀd-a̲̲-ˀkd-a:-dye-ˀ,e-yaˀd-aˀkd-a-dye-ˀ,3fsa-body-j-be.next.to-j-prog-stat,she is next to it,
ęyeyastak,ę-ye-yast-ak,ę-ye-yasd-ha-k,fut-3fsa-call-hab.cont,they will call it,
ęyǫgwawę:ni:saht,ę-yǫgwa-wę:n-i:saht-.,ę-yǫgwa-węn-isa-ht-0,fut-1po-voice-touch.glancingly-punc,we will briefly mention,
ęyǫnǫhdǫnyǫ̲hak,ę-yǫ-nǫhdǫ-nyǫ̲-h-ak,ę-ye-ęnǫhdǫ-nyǫ-h-ak,fut-3fsa-know-dist-stat-cont,they will think,
ęyǫtshadęht,ę-yǫ-tshad-ę-ht-.,ę-ye-ad-tshad-ę-hd-0,fut-3fsa-sr-moisture-fall-caus-punc,she will drop moisture,
ga:yęˀ,ga:-yęˀ-.,ga-yęd-ˀ,3nsa-lie-stat,it lies (on the ground),
gaihwayęda̲hgǫh,ga-ihw-a-yęd-a̲-hg-ǫh,ga-rihw-a-yęd-a-hgw-ǫh,3nsa-matter-j-lie-j-inst-stat,they have responsibilities,
gaihwayęda̲hgwahnǫˀ,ga-ihw-a-yęd-a̲-hgw-a-hnǫ-ˀ,ga-rihw-a-yęd-a-hgw-a-hnǫ-ˀ,3nsa-matter-j-lie-j-inst-j-dist-stat,their responsibilities,
gaihwi:yo:h,ga-ihw-i:yo-:h,ga-rihw-iyo-:h,3nsa-matter-be.good-stat,the good message,
gaˀnigǫhaˀ,ga-ˀnigǫh-aˀ,ga-ˀnigǫhr-aˀ,3nsa-mind-nsf,the mind,
gęnadrohe:ktaˀ,gęn-ad-rohe:k-t-aˀ,gęn-adrohek-t-haˀ,3npa-sr-gather.together-?-hab,they gather together (regularly),
goihwayi:hsdǫ̲hǫdyeˀs,go-ihw-a-yi:-hsd-ǫ̲h-ǫ-dye-ˀs,go-rihw-a-yeri-hsd-ǫh-a-dye-ˀs,3fso-matter-j-be.right-caus-stat-j-prog-hab,she is doing her duty,
ha:ge:gye:ˀ,h-a:-ge:-gye-:ˀ,h-a:-ge-gye-:ˀ,trans-opt-1sa-fly-punc,I should fly there,
ha:węh,ha:w-ę-h,haw-e-ęh,3mso-speak-stat,he said,
hadiyaˀdǫdyeˀs,hadi-yaˀd-ǫdyeˀ-s,hadi-yaˀd-ǫdyeˀ-s,3mpa-body-fly-hab,they are flying,
hadiyędi:hsgęhęˀ,hadi-yędi:-hs-gęhęˀ,hadi-yęderi-hs-gęhę-ˀ,3mpa-know-hab-past,they used to know,
hadiyǫhyaˀge̲hǫ:nǫˀ,hadiy-ǫhy-aˀ-ge̲-hǫ:nǫ-ˀ,hadi-rǫhy-aˀ-geh-hrǫnǫ-ˀ,3mpa-sky-nsf-ex.loc-pop-stat,they are sky people,
haeswagye:ˀ,h-ae-swa-gye-:ˀ,h-a:-swa-gye-:ˀ,trans-opt-2p-fly-punc,you all should fly over there,
hahnyaˀsaˀgeh,ha-hnyaˀs-aˀ-geh,ha-hnyaˀs-aˀ-geh,3msa-neck-nsa-ex.loc,on his neck,
haǫhwaˀgeh,ha-ǫhw-aˀ-geh,ho-ǫhw-aˀ-geh,3mso-self-nsf-ex.loc,about him,
hasdoˀdragǫh,ha-sdoˀdr-a-gǫh,ha-sdoˀdr-a-gǫh,3msa-feather-j-int.loc,inside his feathers,
hawę:naˀ,ha-wę:n-aˀ,ha-węn-aˀ,3msa-voice-nsf,his word,
hayaˀdaˀ,ha-yaˀd-aˀ,ha-yaˀd-aˀ,3msa-body-nsf,his body,
haˀdeyeyęnawaˀkǫˀ,h-aˀ-de-ye-yęnawaˀk-ǫˀ,he-aˀ-de-ye-yęnawaˀk-ǫˀ,tran-fact-dual-3fsa-hold.onto-punc,they are holding onto (working together),
hędyeˀsgęhęˀ,h-ę-d-ye-ˀs-gęhęˀ,ha-iˀdye-ˀs-gęhęˀ,trans-fut-cis-3fsa-reside-hab-past,he used to live,
hehodahsehdǫh,he-ho-dahsehd-ǫh,he-ho-adahsehd-ǫh,trans-3mso-hide-stat,he is hiding over there,
heshoˀnigǫhi:yo:h,he-s-ho-ˀnigǫh-i:yo-:h,he-s-ho-ˀnigǫhr-iyo-:h,trans-rep-3mso-mind-be.good-stat,his mind is good again,
hęswa:gye:ˀ,h-ę-swa-gye-:ˀ,h-ę-swa-gye-:ˀ,trans-fut-2p-fly-punc,you all will fly over there,
hęswa:gye:ˀ,h-ę-swa:-gye-:ˀ,h-ę-swa-gye-:ˀ,trans-fut-2p-fly-punc,you all will fly over there,
hęswagenǫhǫ:k,h-ę-s-wag-en-ǫh-ǫ:k,he-ę-s-wag-en-ǫh-ak,tran-fut-rep-1so-go.directly-stat-cont,I will go back there,
hęswe:ˀ,h-ę-sw-e-:ˀ,h-ę-sw-e-:ˀ,trans-fut-2p-go-punc,you all will go over there,
hętsgo:t,hę-tsgo:t-.,ha-itsgod-.,3msa-sit-stat,he is sitting,
hętsgwahe:ˀ,hę-tsgw-a-he-:ˀ,ha-itsgw-a-he-:ˀ,3msa-haunches-j-be.on.top-stat,he sat,
hęyawenǫhǫdyeˀ,h-ę-yaw-en-ǫh-ǫ-dye-ˀ,he-ę-yo-en-ǫh-a-dye-ˀ,trans-fut-3nso-go.directly-stat-j-prog-stat,it will be going there,
hęyǫgwadoˀkdani:h,h-ę-yǫgw-adoˀkd-ani-:h-.,he-ę-yǫgwa-adoˀkd-ani-:h,trans-fut-1po-end-dat-caus-punc,it will be extended for us,
hęyǫkihahadyeˀ,h-ę-yǫki-ha-h-a-dye-ˀ,he-ę-yǫki-ha-h-a-dye-ˀ,tran-fut-3p>1p-carry-j-prog-stat,they will be taking us,
hodi:hwayi:hsdǫh,hodi-:hw-a-yi:-hsd-ǫh,hodi-rihw-a-yeri-hsd-ǫh,3mpo-matter-j-be.right-caus-stat,they are doing their duty,
hodǫnhahe:ˀ,ho-d-ǫnh-a-he-:ˀ,ho-ad-ǫnh-a-he-:ˀ,3mso-sr-life-j-be.on.top-stat,he is happy,
hohę:dǫh,ho-hę:d-ǫh,ho-hęd-ǫh,3mso-lead-stat,he led,
hohta:hgǫh,ho-hta-:-hg-ǫh,ho-htar-a-hgw-ǫh,3mso-speak-j-inst-stat,he discussed,
hohta:hgǫhneˀ,ho-hta-:-hg-ǫh-neˀ,ho-htar-a-hgw-ǫh-ne-ˀ,3mso-speak-j-inst-stat-past,he had spoken,
honihnadogęh,ho-nihnadog-ęh,hǫ-ęnihnadog-ęh,3mso-perceive-stat,he perceived,
hǫwadihowihadyeˀ,hǫwadi-howi-h-a-dye-ˀ,hǫwadi-hrori-h-a-dye-ˀ,3ms>3mp-speak-stat-j-prog-stat,he was speaking to them,
hǫwaya̲ˀda:gwęh,hǫwa-ya̲ˀd-a:-gw-ęh,hǫwa-yaˀd-a-gw-ęh,3ms>3ms-body-j-pick-stat,he picked him,
howayęnędaˀǫh,ho-wayęn-ędaˀ-ǫh,ho-wayęn-ędaˀ-ǫh,3mso-custom-finish-stat,he created it,
hoyętwaˀǫh,ho-yęt-w-a-ˀ-ǫh,ho-yętw-aˀǫh,3mso-lie-cause-j-inch-stat,he planted,
na̲ˀwęhni̲hsragenheˀ,n-a̲ˀ-w-ęhni̲hsr-a-ge-nhe-ˀ,ni-aˀ-w-ęhnihsr-a-ge-nhe-ˀ,part-fact-3nsa-day-j-be.so.many-inch-stat,how many days it became,
nęjiswaya:ˀt,n-ę-ji-swa-ya:ˀt-.,ni-ę-ji-swa-yeraˀd-.,part-fut-rep-2p-head.in.direction-punc,how you all will head again,
nęswa:ye:ˀ,n-ę-swa:-ye:-ˀ,ni-ę-swa-yer-ˀ,part-fut-2p-do-punc,how you all will behave,
nęswa:ye:ˀ,n-ę-swa:-ye:-ˀ,ni-ę-swa-yer-ˀ,part-fut-2p-do-punc,how you all will do,
nęswaya:ˀt,n-ę-swa-ya:-ˀt-.,ni-ę-swa-yer-a-ˀt-.,part-fut-2p-do-caus-punc,you all will head,
nęswaya:ˀt,n-ę-swa-ya:ˀt-.,ni-ę-swa-yeraˀd-.,part-fut-2p-head.in.direction-punc,how you all will be headed,
nęsyagoyę:hęk,n-ę-s-yago-yę-:h-ęk,ni-ę-s-yago-yer-ęh-ak,part-fut-rep-3fso-do-stat-cont,how they will do again,
nętga:dek,n-ę-t-ga:-de-k,ni-ę-d-ga-de-k,part-fut-cis-3nsa-exist-cont,it will be how far,
nęyohdǫ̲hak,n-ę-yo-hd-ǫ̲h-ak,ni-ę-yo-hd-ǫh-ak,part-fut-3nso-be.so-stat-cont,how it will be,
ni̲hodiya:ˀdǫh,ni̲-hodi-ya:ˀd-ǫh,ni-hodi-yeraˀd-ǫh,part-3mpo-head-stat,how they head,
nitodiyę:h,ni-t-odi-y-ę:h,ni-d-hodi-yer-ęh,part-cis-3mpo-do-stat,how they did it,
nitoˀnigǫhoˀdęh,ni-t-o-ˀnigǫh-oˀdę-h,ni-d-ho-ˀnigǫhr-oˀdę-h,part-cis-3mso-mind-be.type-stat,how his mind is,
niwahsǫ:dis,ni-w-ahsǫ:d-is-.,ni-w-ahsǫd-is-0,part-3nsa-night-be.long-stat,how long is the night,
niyo:ˀ,ni-yo:-ˀ,ni-yo-w-eˀ,part-3nso-stat,how far it goes,
niyodoˀkda:dyeˀ,ni-yo-d-oˀkd-a:-dye-ˀ,ni-yo-adoˀkd-a-dye-ˀ,part-3nso-sr-reach.end-j-prog-stat,it is extended,
niyǫgwanǫˀa:gę̲hyat,ni-yǫgwa-nǫˀa-:-gę̲hyat-.,ni-yǫgwa-nǫˀar-a-gęhyat-0,part-1po-head-be.above-stat,how it is over our heads,
niyǫgweˀda:ge:h,ni-y-ǫgweˀd-a:-ge-:h,ni-y-ǫgweˀd-a-ge-:h,part-3nsa-human-j-be.that.many-stat,there are that many people,
niyonatgaˀdeˀ,ni-yon-atgaˀde-ˀ,ni-yon-atgaˀde-ˀ,part-3mpo-be.many-stat,how many they are,
odaˀaǫ:h,o-d-aˀa-ǫ-:h,o-ad-aˀar-or-ǫh,3nso-sr-veil-cover-stat,it is covered,
odi:hwai:hsdǫhǫdyeˀs,odi-:hw-a-i:-hsd-ǫh-ǫ-dye-ˀs,odi-rihw-a-yeri-hsd-ǫh-a-dye-ˀs,3npo-matter-j-be.right-caus-j-prog-hab,they are carrying out their responsibility,
ǫgwa:tǫ:deˀ,ǫgw-a:tǫ:de-ˀ,ǫgwa-atǫde-ˀ,1po-hear-stat,we hear it,
ǫgwadri̲hwagwaihsaˀse:h,ǫgw-ad-ri̲hw-a-gwaihs-a-ˀs-e:h,ǫgwa-ad-rihw-a-gwar-ihs-a-ˀse-:h,1po-sr-matter-j-straighten-j-dat-stat,it has been straightened out for us,
ǫgwaˀnigǫhaˀ,ǫgwa-ˀnigǫh-aˀ,ǫgwa-ˀnigǫhr-aˀ,́́́́1po-mind-nsf,our minds,
ohę:dǫ:h,o-hę:d-ǫ:h,o-hęd-ǫ:h,3nso-be.in.front-stat,it is ahead,
oihayi:ˀǫhǫdyeˀs,o-ih-a-yi:-ˀ-ǫh-ǫ-dye-ˀs,o-rihw-a-yeri-ˀ-ǫh-a-dye-ˀs,3nso-matter-j-be.right-inch-stat-j-prog-hab,it is coming to pass,
oihwagwe:gǫh,o-ihw-a-gwe:g-ǫh,o-rihw-a-gweg-ǫh,3nso-matter-j-be.all-stat,the whole matter,
ojihsǫˀda:ˀ,o-jihsǫˀd-a:ˀ,o-jihsǫˀd-aˀ,3nso-star-nsf,stars,
ojihsǫ̲ˀdahsi̲ha:ˀ,o-jihsǫ̲ˀd-a-hsi̲ha:-ˀ,o-jihsǫˀd-a-hsiha-:ˀ,3nso-star-j-be.in.array-stat,the stars are arrayed,
otga:ˀ,otga:ˀ,o-tgar-aˀ,3nso-sound-nsf,noise,
oˀnigǫ̲hiyo̲hsde:ˀ,o-ˀnigǫ̲h-iyo̲-hsd-e:ˀ,o-ˀnigǫhr-iyo-hsd-e:ˀ,3nso-mind-be.good-caus-stat?,it is satisfying,
sagęnadrohe:k,s-a-gęn-ad-rohe:k-.,s-aˀ-gęn-adrohek-.,rep-fact-3npa-sr-gather.together-punc,they gathered together again,
sao:hęˀ,s-a-.-o:hę-ˀ,s-aˀ-y-orhę-ˀ,rep-fact-3nsa-become.day-punc,it has become day again,
sganyadaiyoˀ,s-ga-nyada-iyo-ˀ,s-ga-nyadar-iyo-ˀ,rep-3nsa-lake-be.good-stat,Handsome Lake,
shagohǫganyaˀgeh,shago-hǫganyaˀg-eh,shago-hǫgar-yaˀg-eh,3ms>3p-appoint-stat,he appointed her,
shagoihǫ:t,shago-ih-ǫ:t-.,shago-rihw-ǫt-0,3ms>3p-matter-be.attached-stat,he appointed,
shagoihwagęihsdani:h,shago-ihw-a-gęi-hsd-a-ni-:h,shago-rihw-a-gęri-hsd-ani-:h,3ms>3p-matter-j-move-caus-j-dat-stat,he gave them duties,
shedwagowa:nęh,shedwa-gowa:nę-h,shedwa-gowanę-h,1pi>3ms-be.big-stat,he is great to us,
ta:yǫnǫhdǫnyǫˀ,t-a:-yǫ-nǫhdǫ-nyǫ-ˀ,ti-a:-ye-ęnǫhdǫ-nyǫ-ˀ,cont-opt-3fsa-think-dist-stat,they should not think it,
taˀhatgwe:niˀ,t-aˀ-h-at-gwe:ni-ˀ,ti-aˀ-ha-at-gweni-ˀ,cont-fact-3msa-sr-be.possible-punc,he was able,
tgaęni:yo:h,t-ga-ęn-i:yo-:h,d-ga-ręn-iyo-:h,cis-3nsa-song-be.good-stat,my song is best,
todaˀǫh,t-o-daˀ-ǫh,d-ho-idaˀ-ǫh,cis-3mso-sleep-stat,he is sleeping there,
todidagwaihsǫh,t-odi-d-a-gwaihs-ǫh,d-hodi-dagwarihs-ǫh,cis-3mpo-?-j-straighten-stat,they have straightened it,
todidaˀǫh,t-od-idaˀ-ǫh,d-hodi-idaˀ-ǫh,cis-3mpo-sleep-stat,they are sleeping there,
tǫhwętsa:deˀ,t-ǫhwęts-a:-de-ˀ,d-ho-ǫhwęts-a-de-ˀ,cis.3msa-earth-j-exist-stat,his world there,
tshahatga̲htoˀ,tsh-a-h-atga̲ht-oˀ,tshi-aˀ-ha-atgahtw-ˀ,coin-fact-3msa-see-punc,when he saw,
tshaˀhatga̲htoˀ,tsh-aˀ-h-atga̲ht-oˀ,tshi-aˀ-ha-atgahtw-ˀ,coin-fact-3msa-look.at-punc,when he saw it,
tshidyǫgweˀda:ˀshǫˀ,tshi-d-y-ǫgweˀd-a:ˀ-shǫˀ,tshi-d-y-ǫgwęˀd-aˀ-shǫˀ,coin-cis-3nso-human-nsf-dist,each person,
dakrǫhwaˀs,dak-rǫhw-a-ˀs-.,dak-hrǫhw-a-ˀs-.,2s>1s-wait-j-dat-imp,wait for me,
a̲ˀhadatsęhs,a̲ˀ-h-adat-sę-hs-.,aˀ-ha-adad-hsęhd-.,fact-3msa-refl-tire-dat-punc,he exhausted himself,
deshonatgahade:nyǫ:h,de-s-hon-at-gahade:ny-ǫ:h,de-s-hon-ad-gahadeni-ǫh,dual-rep-3mpo-sr-turn-stat,he turned back,
o̲hdaˀgeh,o̲-hd-aˀ-geh,o-hd-aˀ-geh,3nso-below-nsf-ex.loc,at the bottom,
heshodigye:nǫ:h,he-s-hodi-gye:-n-ǫ:h,he-s-hodi-gyen-ǫh,trans-rep-3mpo-fly-dir-stat,they flew there,
na̲ˀgę:ˀ,n-a̲ˀ-g-ę:-ˀ,ni-aˀ-ga-i:-ˀ,part-fact-3nsa-total-punc,it is so much,
haˀwadęhnihsri:neˀ,h-aˀ-w-ad-ęhnihsr-i:ne-ˀ,he-aˀ-w-ad-ęhnihsr-ine-ˀ,trans-fact-3nsa-sr-day-proceed-punc,they day proceeded,
odǫgo̲hdǫh,o-d-ǫgo̲hd-ǫh,o-ad-ǫgohd-ǫh,3nso-sr-put.through.opening-stat,it has surpassed,
gaǫhya̲hęh,ga-ǫhy-a̲-h-ęh,ga-rǫhy-a-h-ęh,3nsa-sky-j-be.in.the.middle-stat,midway in the sky,
a̲ˀhęni̲hna:do:k,a̲ˀ-h-ęni̲hna:do:k-.,aˀ-ha-ęnihnadok-.,fact-3msa-perceive-punc,he perceived,
nishęnǫ:h,ni-s-hęn-ǫ-:h,ni-s-hęn-ǫ-h,part-rep-3mpa-be.an.amount-stat,they are that many,
shadi:gyeˀ,s-hadi:-gye-ˀ,s-hadi-gye-ˀ,rep-3mpa-fly-stat,they are flying,
haˀdwatsotoˀ,h-aˀ-d-w-at-soto-ˀ,he-aˀ-de-w-at-sotw-ˀ,trans-fact-cis-3nsa-sr-set-punc,the sun set,
sa̲hęni̲hna:do:k,s-a̲-h-ęni̲hna:do:k-.,s-aˀ-h-ęnihnadok-.,rep-fact-3msa-perceive-punc,he perceived it again,
shaǫhę:ˀęh,s-ha-ǫhę:ˀ-ęh,s-ha-ǫhęˀ-ęh,rep-3mso-be.alone-stat,he is again alone,
shagyeˀ,s-ha-gye-ˀ,s-ha-gye-ˀ,rep-3msa-fly-stat,he is still flying,
hadatsęhse:h,h-adat-sę-hse-:h,ha-adad-hsę-hse-:h,3msa-refl-tire-dat-stat,he is exhausting himself,
dęshatga̲ha:de:niˀ,d-ę-s-h-at-ga̲ha:de:ni-ˀ,de-ę-s-ha-at-gahadeni-ˀ,dual-fut-rep-3msa-sr-turn-punc,he will turn around again,
nęsha:ya:ˀt,n-ę-s-ha:-ya:ˀt-.,ni-ę-s-ha-yeraˀd-.,part-fut-rep-3msa-head-punc,how he will be directed again,
detoyagęˀǫh,de-t-o-yagęˀ-ǫh,de-d-ho-yagęˀ-ǫh,dual-cis-3mso-come.out-stat,he turned around,
hodahsehdǫhęgyeˀ,ho-dahsehd-ǫh-ę-gye-ˀ,ho-adahsehd-ǫh-a-gye-ˀ,3mso-hide-stat-j-prog-stat,he came out again there,
hesho:gye:nǫ:h,he-s-ho:-gye:-n-ǫ:h,he-s-ho-gye-n-ǫh,trans-rep-3mso-fly-dir-stat,he still flied there,
a̲ˀhǫwęnihnadogahs,a̲ˀ-hǫw-ęnihnadog-a-hs-.,aˀ-hǫwa-ęnihnadog-a-hs-.,fact-3ms>3ms-perceive-j-dat-punc,he perceived him,
a̲ˀhǫwatgahatgiht,a̲ˀ-hǫw-at-gah-a-tgi-ht-.,aˀ-hǫwa-at-gah-a-tgiht-.,fact-3ms>3ms-sr-eye-j-dirty-caus-punc,he gave him a dirty look,
nihodatsęhse:h,ni-ho-dat-sę-hse-:h,ni-ho-adad-hsę-hse-:h,part-3mso-refl-exhaust-dat-stat,how he exhausted himself,
de̲ˀhogwenyǫh,de̲ˀ-ho-gweny-ǫh,deˀ-ho-gweni-ǫh,neg-3mso-be.able-stat,he was unable,
a:hǫwahsre:ˀ,a:-hǫwa-hsre-:ˀ,a:-hǫwa-hsre-:ˀ,opt-3ms>3ms-chase-punc,he should chase him,
hesha:we:nǫ:h,he-s-ha:w-e:n-ǫ:h,he-s-ho-en-ǫh,trans-rep-3mso-go-stat,he went there,
heho:gye:nǫ:h,he-ho:-gye:-n-ǫ:h,he-ho-gye-n-ǫh,trans-3mso-fly-dir-stat,he flew there,
ęhaihowanaht,ę-ha-ih-owan-a-ht-.,ę-ha-rihw-owan-a-ht-.,fut-3msa-matter-big-j-caus-punc,he will praise,
ęshago̲ho:wiˀ,ę-shago̲-ho:wi-ˀ,ę-shago-howi-ˀ,fut-3msa>3p-tell-punc,he told them,
ni̲hoęni:yo:h,ni̲-ho-ęn-i:yo-:h,ni-ho-ręn-iyo-:h,part-3mso-song-be.good-stat,his song is good,
a̲ˀha:gwe:niˀ,a̲ˀ-ha:-gwe:ni-ˀ,aˀ-ha-gweni-ˀ,fact-3msa-be.able-punc,he was able,
aǫsaha:yǫˀ,aǫ-s-a-ha:-yǫ-ˀ,a:-s-a-ha-yǫ-ˀ,opt-rep-opt-3msa-arrive-punc,he should arrive again,
hayaˀda̲ˀgeh,ha-yaˀd-a̲ˀ-geh,ha-yaˀd-aˀ-geh,3msa-body-nsf-ex.loc,on his body,
dahoˀho:we:k,d-a-ho-ˀho:we:k-.,d-aˀ-ho-ˀhowek-.,cis-fact-3mso-cover-punc,it covered him,
a̲ˀhade̲hęh,a̲ˀ-h-ade̲-hęh-.,aˀ-ha-ade-hęh-.,fact-3msa-sr-be.embarrassed-punc,he was embarrassed,
a:haihowa:naht,a:-ha-ih-owa:n-a-ht-.,a:-ha-rihw-owan-a-ht-.,opt-3msa-matter-be.big-j-caus-punc,he should praise,
na̲ˀha:gye:ˀ,n-a̲ˀ-ha:-gye-:ˀ,ni-aˀ-ha-gye-:ˀ,part-fact-3msa-fly-punc,how he had flown,
ǫhwętsakda:gyeˀ,ǫhwęts-a-kda:-gye-ˀ,ǫhwęts-a-kda-gye-ˀ,land-j-be.near-prog-stat,near the ground,
saha:yǫˀ,s-a-ha:-yǫ-ˀ,s-aˀ-ha-yǫ-ˀ,rep-fact-3msa-arrive-punc,he arrived again,
hęna:dǫh,hęn-a:dǫ-h,hęn-adǫ-h,3mpa-say-hab,they say,
hǫwa:di:gęh,hǫwa:di:-gę-h,hǫwadi-gę-h,3p>3ms-see-stat,they have seen him,
hodrę:no:t,ho-d-rę:n-o:t-.,ho-ad-ręn-od-.,3mso-sr-song-stand-stat,he sings,
a̲ˀhadręno:dęˀ,a̲ˀ-h-ad-ręn-o:d-ęˀ,aˀ-ha-ad-ręn-od-ęˀ,fact-3msa-sr-song-stand-punc,he sang,
a̲ˀgaiˀsdę:daˀ,a̲ˀ-ga-iˀsd-ę:daˀ-.,aˀ-ga-riˀsd-ędaˀ-.,fact-3nsa-noise-end-punc,the noise ends,
a̲ˀhęnadahǫhsiyohs,a̲ˀ-hęn-ad-ahǫhs-iyo-hst-.,aˀ-hęn-ad-ahǫhs-iyo-hst-.,fact-3mpa-sr-ear-good-caus-punc,they listened,
hoę:no:t,ho-ę:n-o:t-.,ho-ręn-ot,3mso-song-stand-stat,he sung,
onatgǫˀshǫ:ˀah,on-atgǫ-ˀ-shǫˀ-ah,on-atgǫ-ˀ-shǫˀ-ah,3nso-be.evil-stat-dist-dim,they are evil,
aǫgo̲hdǫh,a-ǫgo̲hd-ǫh,yo-ǫgohd-ǫh,3nso-put.through.opening-stat,it surpasses,
odiya̲ˀda:tgiˀ,odi-ya̲ˀd-a:-tgi-ˀ,yodi-yaˀd-a-tgi-ˀ,3npo-body-j-dirty-stat,its body is dirty,
dęyonadawęnyeh,d-ę-yon-ad-awęnye-h,de-ę-yodi-adawęnye-h,dual-fut-3npo-sr-roam-punc,they will roam about,
onadowa:dǫh,on-adowa:d-ǫh,yodi-adowad-ǫh,3npo-hunt-stat,they hunt,
de̲ˀtgadiya:gęˀs,de̲ˀ-t-gadi-ya:gęˀ-s,deˀ-d-gadi-yagęˀ-s,neg-cis-3npa-go.out-hab,they do not go out,
deyohateˀ,de-yo-h-a-te-ˀ,de-yo-h-a-te-ˀ,dual-3nsp-dawn-j-be.bright-stat,it is dawn,
ohsdęhęgǫh,o-hsdęh-ę-gǫh,yo-hsdęh-a-gǫh,3nso-mountain-j-in.loc,in the mountains,
onadahsehdǫ̲hnǫˀ,on-ad-ahsehd-ǫ̲h-nǫ-ˀ,yodi-ad-ahsehd-ǫh-nǫ-ˀ,3npo-sr-hide-stat-stat.past,they hid,
odahsǫdatgi̲hdǫh,o-d-ahsǫd-a-tgi̲-hd-ǫh,yo-ad-ahsǫd-a-tgihd-ǫh,3nso-sr-night-j-be.dirty-caus-stat,the night is dirty/bad,
tgadiyagęˀs,t-gadi-yagęˀ-s,d-gadi-yagęˀ-s,cis-3npo-come.out-hab,they come out,
deyonadawęnyeˀhǫh,de-yon-ad-awęnye-ˀh-ǫh,de-yodi-adawęnye-ˀh-ǫh,dual-3npo-sr-roam-disl-stat,they roam about here and there,
agaǫhę:ˀęh,aga-ǫhę-:ˀ-ęh,yago-ǫhę-ˀ-ah,3fso-be.alone-stat-dim,she is alone,
onǫˀa:ˀgo:wah,o-nǫˀa-:ˀ-go:wah,yo-nǫˀar-aˀ-go:wah,3nso-head-nsf-augment,"flying head, lit. it’s a big head",
onǫˀa:ˀ,o-nǫˀa-:ˀ,yo-nǫˀar-aˀ,3nso-head-nsf,head,
de̲ˀgaya̲ˀdǫ:t,de̲ˀ-ga-ya̲ˀd-ǫ:t-.,deˀ-ga-yaˀd-ǫt-.,neg-3nsa-body-attach-stat,it has no body attached,
heyohe:h,he-yo-he:-h,he-yo-he-h,trans-3nso-be.more-stat,it is more,
nigahnadę:s,ni-ga-hn-a-dę:s-.,ni-ga-hn-a-dęs-.,part-3nsa-skin-j-be.thick-stat,its skin is so thick,
ta:gagweniˀ,t-a:-ga-gweni-ˀ,ti-a:-ga-gweni-ˀ,cont-opt-3nsa-be.possible-stat,it is impossible,
da:yo̲ˀehs,d-a:-yo̲-ˀehs-.,de-a:-yo-aˀehst-.,dual-opt-3nso-pierce-punc,it should pierce,
detsaǫ:h,de-ts-a-ǫ-:h,de-s-yo-ǫ-h,dual-rep-3nso-be.both-stat,it is both,
hęga:gye:ˀ,h-ę-ga:-gye-:ˀ,he-ę-ga-gye-:ˀ,trans-fut-3nsa-fly-punc,it will fly there,
hedwatshadęˀ,he-d-wa-tshad-ę-ˀ,he-d-w-atshad-ę-ˀ,trans-cis-3nso-moisture-fall-stat,the moisture falls,
hedwatshadǫ:gyeˀs,he-d-wa-tshad-ǫ:gye-ˀs,he-d-w-atshat-ǫgye-ˀs,trans-cis-3nso-moisture-fly-hab,the moisture floats,
dętga:gye:ˀ,d-ę-t-ga:-gye:-ˀ,de-ę-t-ga-gye-:ˀ,dual-fut-cis-3nsa-fly-punc,it will come flying,
ga̲hsaga̲hę:t,ga̲-hs-a-ga̲hę:t-.,ga-hs-a-gahęt-.,3nsa-mouth-j-be.opening-stat,mouth,
ganahnǫh,ga-nahn-ǫh,ga-nahn-ǫh,3nsa-be.full-stat,it is full,
onǫˀtsaˀ,o-nǫˀts-aˀ,yo-nǫˀts-aˀ,3nso-tooth-nsf,tooth,
ohyoˀti:yeht,o-hyoˀti:yeht-.,yo-hyoˀtiyeht-.,3nso-be.sharp-stat,it is sharp,
odǫˀǫh,o-dǫˀ-ǫh,yo-adǫˀ-ǫh,3nso-become-stat,it becomes,
dęwaˀehsdęˀ,d-ę-w-aˀehsd-ę-ˀ,de-ę-w-aˀehsd-ęˀ,dual-fut-3nsa-pierce-dat-punc,it will pierce,
agwe:gǫh,a-gwe:g-ǫh,a-gweg-ǫh,3nsa-be.all-stat,everything,
odowadǫh,o-dowad-ǫh,yo-adowad-ǫh,3nso-hunt-stat,it hunts,
heyo:doˀk,he-yo:-doˀk-.,he-yo-adǫˀkd-.,trans-3nso-be.end-stat,it is to the end,
nidyagoye:haˀ,ni-d-yago-ye:-haˀ,ni-d-yago-yer-haˀ,part-cis-3fso-do-hab,how they behave,
gowi:yaˀ,go-wi:y-aˀ,yago-wiy-aˀ,3fso-child-nsf,her child,
gonadeˀgwęh,gon-adeˀgw-ęh,gon-adeˀgw-ęh,3po-flee-stat,they have fled,
gonada̲hsehda̲hnǫh,gon-ad-a̲hsehd-a̲-hn-ǫh,gon-ad-ahsehd-a-hn-ǫh,3po-sr-hide-j-disloc-stat,they have gone and hid,
gagyehsǫh,ga-gye-hsǫ-h,ga-gye-hsǫ-h,3sa-fly-dist-stat,they are flying here and there,
gra̲hedǫˀ,g-ra̲hed-ǫ-ˀ,g-rahed-ǫ-ˀ,3nsa-tree-dist-stat,forest,
a̲ˀe:gęˀ,a̲ˀ-e:-gę-ˀ,aˀ-ye-gę-ˀ,fact-3fsa-see-punc,she saw it,
de̲ˀagode̲ˀgwęh,de̲ˀ-ago-de̲ˀgw-ęh,deˀ-yago-adeˀgw-ęh,neg-3fsa-flee-stat,she did not flee,
a̲ˀa:gęˀ,a̲ˀ-a:g-ę-ˀ,aˀ-yago-ę-ˀ,fact-3fsa-say-punc,she said,
tga:gǫ:t,t-ga:-gǫ:t-.,d-ga-gǫt-.,cis-3nsa-be.necessary-stat,it is necessary,
dęye:gę:niˀ,d-ę-ye:-gę:ni-ˀ,de-ę-ye-gęni-ˀ,dual-fut-3fsa-beat-punc,one will beat it,
ojihsdaˀ,o-jihsd-aˀ,o-jihsd-aˀ,3nso-fire-nsf,fire,
gwa:dih,gwa:dih,gwadih,direction,direction,
a̲ˀǫgyęˀ,a̲ˀ-ǫ-gyę-ˀ,aˀ-ye-agyę-ˀ,fact-3fsa-sit-punc,she sat,
a̲ˀǫdegaˀtgo:wah,a̲ˀ-ǫ-deg-a-ˀt-go:wah,aˀ-ye-adeg-a-ˀt-go:wah,fact-3fsa-burn-j-caus-augment,she made a big fire,
a̲ˀeˀsgwa:ge̲hǫˀ,a̲ˀ-e-ˀsgwa:-ge̲hǫ-ˀ,aˀ-ye-ˀsgwara-gehǫ-ˀ,fact-3fsa-stone-lay.down-punc,she laid down stones,
odekaˀ,o-dek-aˀ,yo-adeg-haˀ,3nso-burn-hab,it burns,
ęgatnęyǫ:dęˀ,ę-g-at-nęy-ǫ:d-ęˀ,ę-g-ad-nęy-ǫd-ęˀ,fut-1sa-sr-stone-bake-punc,I will bake stones,
etsgo:t,e-tsgo:t-.,ye-itsgot-.,3fsa-sit-stat,she sits,
godęˀnigǫha:ˀ,go-dę-ˀnigǫh-a:-ˀ,yago-adę-ˀnigǫhr-a-r-aˀ,3fso-sr-mind-put-stat,she looks after it,
tawe:nǫ:h,t-aw-e:n-ǫ:h,d-ho-en-ǫh,cis-3mso-go-stat,he came there,
ganhoga̲hę:t,ga-nho-ga̲hę:t-.,ga-nho-gahęt-.,3nsa-door-hole-stat,doorway,
a̲ˀtgęˀdrǫ:daˀ,a̲ˀ-t-gę-ˀdrǫ:d-aˀ,aˀ-d-ga-iˀdrǫd-aˀ,fact-dual-3nsa-land-punc,it landed,
ohdrǫhk,o-hdrǫhk-.,yo-ahdrǫhk-.,3nso-be.frightening,it is frightening,
nigayaˀdoˀdę:h,ni-ga-yaˀd-oˀdę-:h,ni-ga-yaˀd-oˀdę-:h,part-3nsa-body-be.type-stat,how its body is,
oyǫ:dih,o-yǫ:di-h,yo-yǫdi-h,3nso-smile-stat,it smiled,
haˀdwatga̲htoˀ,h-aˀ-d-w-atga̲htw-ˀ,he-aˀ-d-w-ad-gaht-oˀ,trans-fact-cis-3nsa-look-punc,it looked over there,
a:we:t,a:w-e:t-.,yo-e:t-.,3nso-be.pretend-stat,it is fake/pretend,
gokǫ:ni:h,go-k-ǫ:ni-:h,yago-kw-ǫni-:h,3fso-dish-make-stat,she cooked,
a̲ˀe:k,a̲ˀ-e:-k-.,aˀ-ye-k-.,fact-3fsa-eat-stat,she ate,
deyo:tnę:yǫ:t,de-yo:-t-nę:y-ǫ:t-.,de-yo-at-nęy-ǫd-.,dual-3nso-sr-rock-bake-stat,she baked stones,
gaˀsgwa:ˀ,ga-ˀsgwa-:ˀ,ga-ˀsgwar-aˀ,3nsa-rock-nsf,rocks,
ogaˀǫh,o-gaˀ-ǫh,yo-gaˀ-ǫh,3nso-be.tasty-stat,its tasty,
niyogaˀǫh,ni-yo-gaˀ-ǫh,ni-yo-gaˀ-ǫh,part-3nso-be.tasty-stat,how tasty it is,
ǫ:dǫh,ǫ:-dǫ-h,ye-adǫ-h,3fsa-say-stat,she had said,
de̲ˀdwagegǫh,de̲ˀ-d-wage-g-ǫh,deˀ-d-wage-g-ǫh,neg-cis-1so-eat-stat,I haven't eaten,
na:yogaˀǫhę:k,n-a:-yo-gaˀ-ǫh-ę:-k,ni-a:-yo-gaˀ-ǫh-ę:k,part-opt-3nso-stat-cont,how delicious it should be,
o̲ˀwahagaˀǫh,o̲-ˀwah-a-gaˀ-ǫh,yo-ˀwah-a-gaˀ-ǫh,3nso-meat-j-be.tasty-stat,it is tasty meat,
otǫ:deˀ,o-tǫ:de-ˀ,yo-atǫde-ˀ,3nso-hear-stat,it heard,
a̲ˀwahsgane:k,a̲ˀ-w-ahsgane:k-.,aˀ-w-ahsganek-.,fact-3nso-be.tempted-punc,it was tempted,
a̲ˀdwatsaga:ˀ,a̲ˀ-d-w-at-sag-a:ˀ-.,aˀ-d-w-at-hsag-a-raˀw-.,fact-dual-3nsa-sr-mouth-j-open-punc,it opened its mouth,
haˀgahsˀaht,h-aˀ-ga-hsˀaht-.,he-aˀ-ga-hsˀaht-.,trans-fact-3nsa-consume-punc,it consumed it,
oˀsgwa:nhohsrot,o-ˀsgwa:-nhohsrot-.,yo-ˀsgar-a-nhohsrod-.,3nso-rock-piled-stat,pile of rocks,
heyaǫnęhdǫh,he-ya-ǫnęhd-ǫh,he-yo-ǫnęhd-ǫh,trans-3nso-swallow-stat,it swallowed,
deyohe:hdǫh,de-yo-he:hd-ǫh,de-yo-herehd-ǫh,dual-3nso-scream-stat,it screamed,
otǫdeˀǫh,o-tǫde-ˀ-ǫh,yo-atǫde-ˀ-ǫh,3nso-hear-inch-stat,it was heard,
deyowaya:ˀe:h,de-yo-waya:-ˀe-:h,de-yo-wayar-a-ˀe-:h,dual-3nso-wing-flap-stat,it flapped its wing,
odeˀgwęh,o-de-ˀgw-ęh,yo-ade-ˀgw-ęh,3nso-sr-flee-stat,it fled,
deyohe:hda̲hneˀ,de-yo-he:hd-a̲-hn-eˀ,de-yo-herehd-a-hn-eˀ,dual-3nso-scream-j-disloc-stat,it went and screamed,
gahadaędǫnyǫˀ,ga-had-a-ęd-ǫ-nyǫ-ˀ,ga-had-a-yęd-ǫnyǫ-ˀ,3nsa-forest-j-lie-dist-dist-stat,the forests,
ęyohǫgaˀt,ę-yo-hǫg-a-ˀt-.,ę-yo-ahǫg-a-ˀd-.,fut-3nso-hear-j-caus-punc,it will be heard,
a̲ˀdyǫhwętsaihęh,a̲ˀ-d-y-ǫhwęts-a-ih-ęh,aˀ-d-yo-ǫhwęts-a-ih-ęh,fact-dual-3nso-land-j-warm-stat,the land got warm,
dagęna̲ˀsęhda̲hnǫˀ,d-a-gęn-a̲ˀsęhd-a̲-hnǫ-ˀ,d-aˀ-gęn-aˀsehd-a-hnǫ-ˀ,cis-fact-3mpa-fall-j-dist-stat,they dropped here and there,
haˀwadęnǫwaę:ˀ,h-aˀ-w-ad-ęnǫwaę-:ˀ,he-aˀ-w-ad-ęnǫwaę-:ˀ,trans-fact-3nsa-sr-sink-punc,it dropped,
de̲ˀtsohǫ:gaˀt,de̲ˀ-ts-o-hǫ:g-a-ˀt-.,deˀ-s-yo-ahǫg-a-ˀd-.,neg-rep-3nso-hear-j-caus-stat,it wasn't heard again,
de̲ˀsha:go:gęh,de̲ˀ-sha:go:-gę-h,deˀ-s-yago-gę-h,neg-rep-3fso-see-stat,it wasn't seen again,
heya:we:nǫh,he-ya:w-e:n-ǫh,he-yo-en-ǫh,trans-3nso-go-stat,it went over there,
ena:greˀ,e-na:gre-ˀ,ye-nagre-ˀ,3fsa-reside-dist-stat,they reside,
dyagoˀnigǫhęhsgǫ:h,d-yago-ˀnigǫh-ę-hsg-ǫ:h,d-yago-ˀnigǫhr-ę-hsg-ǫ:h,cis-3fso-mind-fall-facil-stat,they forget easily,
niyagodi:hoˀdę:h,ni-yagodi-:h-oˀdę-:h,ni-yagodi-rihw-oˀdę-:h,part-3fpo-matter-be.type-stat,how their ways are,
shago:wi:h,shago:-wi-:h,shago-awi-:h,3ms>3p-give-stat,he gave them,
ganyo:ˀ,ga-nyo-:ˀ,ga-ryo-:ˀ,3nsa-kill-stat,animals,
tshaˀhaǫ̲hwętsa:da:t,tsh-aˀ-ha-ǫ̲hwęts-a:-da:t-.,tsh-aˀ-ho-ǫhwęts-a-dad-.,coin-fact-3mso-land-j-create-punc,when he created the earth,
hadiksaˀshǫ:ˀah,hadi-ks-aˀ-shǫ:ˀ-ah,hadi-ks-aˀ-shǫˀ-ah,3mpa-child-nsf-dist-dim,boys,
honęnǫ̲hdǫˀ,hon-ęnǫ̲hdǫ-ˀ,hon-ęnǫhdǫ-ˀ,3mpo-know-stat,they know,
niyoihowanęh,ni-yo-ih-owanę-h,ni-yo-rihw-owanę-h,part-3nso-matter-be.big-stat,how important the matter is,
a:hęnadewa:yę:s,a:-hęn-ade-wa:yę:-s-.,a:-hęn-ade-wayę-sd-.,opt-3mpa-sr-know.how-caus-punc,they should learn,
a:yoihwada:gyeˀ,a:-yo-ihw-a-d-a:-gye-ˀ,a:-yo-rihw-a-d-a-gye-ˀ,opt-3nso-matter-j-stand-j-prog-stat,it should continue,
hodita:gǫ̲hne:ˀ,hodi-ta:g-ǫ̲-hn-e:ˀ,hodi-tar-a-hgw-ǫh-ne:ˀ,3mpo-speak-stat-disloc-stat,they went discussing,
